{
  "FlightsPage" : {
    "transaction" : "FlightsPage",
    "sampleCount" : 20,
    "errorCount" : 3,
    "errorPct" : 15.0,
    "meanResTime" : 637.5,
    "medianResTime" : 452.5,
    "minResTime" : 269.0,
    "maxResTime" : 1657.0,
    "pct1ResTime" : 1625.1000000000004,
    "pct2ResTime" : 1656.0,
    "pct3ResTime" : 1657.0,
    "throughput" : 2.034381039568711,
    "receivedKBytesPerSec" : 14.393643194995423,
    "sentKBytesPerSec" : 0.25827103041399657
  },
  "Total" : {
    "transaction" : "Total",
    "sampleCount" : 80,
    "errorCount" : 10,
    "errorPct" : 12.5,
    "meanResTime" : 580.5875,
    "medianResTime" : 427.0,
    "minResTime" : 183.0,
    "maxResTime" : 1768.0,
    "pct1ResTime" : 1058.2000000000003,
    "pct2ResTime" : 1631.6000000000004,
    "pct3ResTime" : 1768.0,
    "throughput" : 6.655574043261232,
    "receivedKBytesPerSec" : 39.782653910149754,
    "sentKBytesPerSec" : 1.9761985232945092
  },
  " LoginPage" : {
    "transaction" : " LoginPage",
    "sampleCount" : 20,
    "errorCount" : 1,
    "errorPct" : 5.0,
    "meanResTime" : 512.1500000000001,
    "medianResTime" : 359.5,
    "minResTime" : 197.0,
    "maxResTime" : 1144.0,
    "pct1ResTime" : 945.1000000000001,
    "pct2ResTime" : 1134.2499999999998,
    "pct3ResTime" : 1144.0,
    "throughput" : 1.904036557501904,
    "receivedKBytesPerSec" : 10.714296339489719,
    "sentKBytesPerSec" : 0.2305669268849962
  },
  "PurchasePage" : {
    "transaction" : "PurchasePage",
    "sampleCount" : 20,
    "errorCount" : 4,
    "errorPct" : 20.0,
    "meanResTime" : 674.3,
    "medianResTime" : 521.5,
    "minResTime" : 183.0,
    "maxResTime" : 1768.0,
    "pct1ResTime" : 1637.9000000000003,
    "pct2ResTime" : 1762.1,
    "pct3ResTime" : 1768.0,
    "throughput" : 1.889287738522577,
    "receivedKBytesPerSec" : 12.39660577649726,
    "sentKBytesPerSec" : 1.5391053041753258
  },
  "MainPage" : {
    "transaction" : "MainPage",
    "sampleCount" : 20,
    "errorCount" : 2,
    "errorPct" : 10.0,
    "meanResTime" : 498.4000000000001,
    "medianResTime" : 438.5,
    "minResTime" : 184.0,
    "maxResTime" : 1024.0,
    "pct1ResTime" : 1006.8000000000004,
    "pct2ResTime" : 1024.0,
    "pct3ResTime" : 1024.0,
    "throughput" : 1.9133263178035014,
    "receivedKBytesPerSec" : 8.888372357218024,
    "sentKBytesPerSec" : 0.2391657897254377
  }
}